run_date,market,score,address,price,dom,brokerage,listing_url,zpid,reason,contact_status,suggested_search_1,suggested_search_2,suggested_search_3
2026-07-02,cleveland,101.2,"12 Maple Dr, Olmsted Falls, OH 44138",39000,173,Keller Williams Elevate,https://www.zillow.com/homedetails/12-Maple-Dr-Olmsted-Falls-OH-44138/459687290_zpid/,459687290,no_verified_email_after_enrichment,needs_contact_research,"""12 Maple Dr, Olmsted Falls, OH 44138"" ""Keller Williams Elevate"" email","""Keller Williams Elevate"" Olmsted Falls office email",https://www.zillow.com/homedetails/12-Maple-Dr-Olmsted-Falls-OH-44138/459687290_zpid/
2026-07-02,cleveland,101.0,"657 E 131st St, Cleveland, OH 44108",40000,348,Berkshire Hathaway HomeServices Professional Realty,https://www.zillow.com/homedetails/657-E-131st-St-Cleveland-OH-44108/33391873_zpid/,33391873,no_verified_email_after_enrichment,needs_contact_research,"""657 E 131st St, Cleveland, OH 44108"" ""Berkshire Hathaway HomeServices Professional Realty"" email","""Berkshire Hathaway HomeServices Professional Realty"" Cleveland office email",https://www.zillow.com/homedetails/657-E-131st-St-Cleveland-OH-44108/33391873_zpid/
2026-07-02,cleveland,100.0,"7300 Claasen Ave, Cleveland, OH 44105",32600,105,Berkshire Hathaway HomeServices Stouffer Realty,https://www.zillow.com/homedetails/7300-Claasen-Ave-Cleveland-OH-44105/33426121_zpid/,33426121,no_verified_email_after_enrichment,needs_contact_research,"""7300 Claasen Ave, Cleveland, OH 44105"" ""Berkshire Hathaway HomeServices Stouffer Realty"" email","""Berkshire Hathaway HomeServices Stouffer Realty"" Cleveland office email",https://www.zillow.com/homedetails/7300-Claasen-Ave-Cleveland-OH-44105/33426121_zpid/
2026-07-02,cleveland,99.8,"9807 Elizabeth Ave, Cleveland, OH 44105",44900,119,Howard Hanna,https://www.zillow.com/homedetails/9807-Elizabeth-Ave-Cleveland-OH-44105/33430475_zpid/,33430475,no_verified_email_after_enrichment,needs_contact_research,"""9807 Elizabeth Ave, Cleveland, OH 44105"" ""Howard Hanna"" email","""Howard Hanna"" Cleveland office email",https://www.zillow.com/homedetails/9807-Elizabeth-Ave-Cleveland-OH-44105/33430475_zpid/
2026-07-02,cleveland,99.0,"15610 Van Aken Blvd APT 18, Shaker Heights, OH 44120",49900,121,Coldwell Banker Schmidt Realty,https://www.zillow.com/homedetails/15610-Van-Aken-Blvd-APT-18-Shaker-Heights-OH-44120/82182351_zpid/,82182351,no_verified_email_after_enrichment,needs_contact_research,"""15610 Van Aken Blvd APT 18, Shaker Heights, OH 44120"" ""Coldwell Banker Schmidt Realty"" email","""Coldwell Banker Schmidt Realty"" Shaker Heights office email",https://www.zillow.com/homedetails/15610-Van-Aken-Blvd-APT-18-Shaker-Heights-OH-44120/82182351_zpid/
2026-07-02,cleveland,99.0,"3379 E 130th St, Cleveland, OH 44120",50000,175,Keller Williams Greater Metropolitan,https://www.zillow.com/homedetails/3379-E-130th-St-Cleveland-OH-44120/33420254_zpid/,33420254,no_verified_email_after_enrichment,needs_contact_research,"""3379 E 130th St, Cleveland, OH 44120"" ""Keller Williams Greater Metropolitan"" email","""Keller Williams Greater Metropolitan"" Cleveland office email",https://www.zillow.com/homedetails/3379-E-130th-St-Cleveland-OH-44120/33420254_zpid/
2026-07-02,cleveland,98.5,"1822 Farmington Rd, East Cleveland, OH 44112",50000,117,HomeSmart Real Estate Momentum LLC,https://www.zillow.com/homedetails/1822-Farmington-Rd-East-Cleveland-OH-44112/33646839_zpid/,33646839,no_verified_email_after_enrichment,needs_contact_research,"""1822 Farmington Rd, East Cleveland, OH 44112"" ""HomeSmart Real Estate Momentum LLC"" email","""HomeSmart Real Estate Momentum LLC"" East Cleveland office email",https://www.zillow.com/homedetails/1822-Farmington-Rd-East-Cleveland-OH-44112/33646839_zpid/
2026-07-02,cleveland,98.4,"3633 E 78th St, Cleveland, OH 44105",53000,180,"Joseph Walter Realty, LLC",https://www.zillow.com/homedetails/3633-E-78th-St-Cleveland-OH-44105/33425274_zpid/,33425274,no_verified_email_after_enrichment,needs_contact_research,"""3633 E 78th St, Cleveland, OH 44105"" ""Joseph Walter Realty, LLC"" email","""Joseph Walter Realty, LLC"" Cleveland office email",https://www.zillow.com/homedetails/3633-E-78th-St-Cleveland-OH-44105/33425274_zpid/
2026-07-02,cleveland,98.0,"472 E 110th St, Cleveland, OH 44108",55000,173,Century 21 Homestar,https://www.zillow.com/homedetails/472-E-110th-St-Cleveland-OH-44108/33387790_zpid/,33387790,no_verified_email_after_enrichment,needs_contact_research,"""472 E 110th St, Cleveland, OH 44108"" ""Century 21 Homestar"" email","""Century 21 Homestar"" Cleveland office email",https://www.zillow.com/homedetails/472-E-110th-St-Cleveland-OH-44108/33387790_zpid/
2026-07-02,cleveland,97.0,"16918 Grovewood Ave, Cleveland, OH 44110",59900,148,"Lokal Real Estate, LLC",https://www.zillow.com/homedetails/16918-Grovewood-Ave-Cleveland-OH-44110/33398830_zpid/,33398830,no_verified_email_after_enrichment,needs_contact_research,"""16918 Grovewood Ave, Cleveland, OH 44110"" ""Lokal Real Estate, LLC"" email","""Lokal Real Estate, LLC"" Cleveland office email",https://www.zillow.com/homedetails/16918-Grovewood-Ave-Cleveland-OH-44110/33398830_zpid/
2026-07-02,cleveland,97.0,"14808 Pepper Ave, Cleveland, OH 44110",60000,175,LPT Realty,https://www.zillow.com/homedetails/14808-Pepper-Ave-Cleveland-OH-44110/33401726_zpid/,33401726,no_verified_email_after_enrichment,needs_contact_research,"""14808 Pepper Ave, Cleveland, OH 44110"" ""LPT Realty"" email","""LPT Realty"" Cleveland office email",https://www.zillow.com/homedetails/14808-Pepper-Ave-Cleveland-OH-44110/33401726_zpid/
2026-07-02,cleveland,97.0,"1330 Elwood Rd, East Cleveland, OH 44112",60000,209,RE/MAX Haven Realty,https://www.zillow.com/homedetails/1330-Elwood-Rd-East-Cleveland-OH-44112/33645603_zpid/,33645603,no_verified_email_after_enrichment,needs_contact_research,"""1330 Elwood Rd, East Cleveland, OH 44112"" ""RE/MAX Haven Realty"" email","""RE/MAX Haven Realty"" East Cleveland office email",https://www.zillow.com/homedetails/1330-Elwood-Rd-East-Cleveland-OH-44112/33645603_zpid/
2026-07-02,cleveland,96.8,"12628 Iroquois Ave, Cleveland, OH 44108",55000,113,Keller Williams Greater Metropolitan,https://www.zillow.com/homedetails/12628-Iroquois-Ave-Cleveland-OH-44108/33392648_zpid/,33392648,no_verified_email_after_enrichment,needs_contact_research,"""12628 Iroquois Ave, Cleveland, OH 44108"" ""Keller Williams Greater Metropolitan"" email","""Keller Williams Greater Metropolitan"" Cleveland office email",https://www.zillow.com/homedetails/12628-Iroquois-Ave-Cleveland-OH-44108/33392648_zpid/
2026-07-02,akron,102.0,"262 S Portage Path, Akron, OH 44302",34900,307,Real of Ohio,https://www.zillow.com/homedetails/262-S-Portage-Path-Akron-OH-44302/35483170_zpid/,35483170,no_verified_email_after_enrichment,needs_contact_research,"""262 S Portage Path, Akron, OH 44302"" ""Real of Ohio"" email","""Real of Ohio"" Akron office email",https://www.zillow.com/homedetails/262-S-Portage-Path-Akron-OH-44302/35483170_zpid/
2026-07-02,akron,98.0,"22 Brighton Dr, Akron, OH 44301",55000,134,RE/MAX Oasis Dream Homes,https://www.zillow.com/homedetails/22-Brighton-Dr-Akron-OH-44301/35454607_zpid/,35454607,no_verified_email_after_enrichment,needs_contact_research,"""22 Brighton Dr, Akron, OH 44301"" ""RE/MAX Oasis Dream Homes"" email","""RE/MAX Oasis Dream Homes"" Akron office email",https://www.zillow.com/homedetails/22-Brighton-Dr-Akron-OH-44301/35454607_zpid/
2026-07-02,akron,97.0,"520 Ardella Ave, Akron, OH 44306",60000,176,Keller Williams Living,https://www.zillow.com/homedetails/520-Ardella-Ave-Akron-OH-44306/35416345_zpid/,35416345,no_verified_email_after_enrichment,needs_contact_research,"""520 Ardella Ave, Akron, OH 44306"" ""Keller Williams Living"" email","""Keller Williams Living"" Akron office email",https://www.zillow.com/homedetails/520-Ardella-Ave-Akron-OH-44306/35416345_zpid/
2026-07-02,akron,95.4,"131 W Miller Ave, Akron, OH 44301",68000,122,Berkshire Hathaway HomeServices Stouffer Realty,https://www.zillow.com/homedetails/131-W-Miller-Ave-Akron-OH-44301/35435212_zpid/,35435212,no_verified_email_after_enrichment,needs_contact_research,"""131 W Miller Ave, Akron, OH 44301"" ""Berkshire Hathaway HomeServices Stouffer Realty"" email","""Berkshire Hathaway HomeServices Stouffer Realty"" Akron office email",https://www.zillow.com/homedetails/131-W-Miller-Ave-Akron-OH-44301/35435212_zpid/
2026-07-02,akron,95.2,"196 Northwest Ave, Tallmadge, OH 44278",69000,125,Hayes Realty,https://www.zillow.com/homedetails/196-Northwest-Ave-Tallmadge-OH-44278/35405573_zpid/,35405573,no_verified_email_after_enrichment,needs_contact_research,"""196 Northwest Ave, Tallmadge, OH 44278"" ""Hayes Realty"" email","""Hayes Realty"" Tallmadge office email",https://www.zillow.com/homedetails/196-Northwest-Ave-Tallmadge-OH-44278/35405573_zpid/
2026-07-02,akron,94.4,"1722 Treetop Trl #11, Akron, OH 44313",73000,197,Berkshire Hathaway HomeServices Stouffer Realty,https://www.zillow.com/homedetails/1722-Treetop-Trl-11-Akron-OH-44313/457011602_zpid/,457011602,no_verified_email_after_enrichment,needs_contact_research,"""1722 Treetop Trl #11, Akron, OH 44313"" ""Berkshire Hathaway HomeServices Stouffer Realty"" email","""Berkshire Hathaway HomeServices Stouffer Realty"" Akron office email",https://www.zillow.com/homedetails/1722-Treetop-Trl-11-Akron-OH-44313/457011602_zpid/
2026-07-02,akron,93.6,"1035 E Archwood Ave, Akron, OH 44306",76000,119,RE/MAX Crossroads Properties,https://www.zillow.com/homedetails/1035-E-Archwood-Ave-Akron-OH-44306/35442708_zpid/,35442708,no_verified_email_after_enrichment,needs_contact_research,"""1035 E Archwood Ave, Akron, OH 44306"" ""RE/MAX Crossroads Properties"" email","""RE/MAX Crossroads Properties"" Akron office email",https://www.zillow.com/homedetails/1035-E-Archwood-Ave-Akron-OH-44306/35442708_zpid/
2026-07-02,akron,93.0,"1041 E Archwood Ave, Akron, OH 44306",79000,119,RE/MAX Crossroads Properties,https://www.zillow.com/homedetails/1041-E-Archwood-Ave-Akron-OH-44306/35446358_zpid/,35446358,no_verified_email_after_enrichment,needs_contact_research,"""1041 E Archwood Ave, Akron, OH 44306"" ""RE/MAX Crossroads Properties"" email","""RE/MAX Crossroads Properties"" Akron office email",https://www.zillow.com/homedetails/1041-E-Archwood-Ave-Akron-OH-44306/35446358_zpid/
2026-07-02,akron,88.5,"996 Burkhardt Ave, Akron, OH 44301",55000,63,Keller Williams Chervenic Rlty,https://www.zillow.com/homedetails/996-Burkhardt-Ave-Akron-OH-44301/35421867_zpid/,35421867,no_verified_email_after_enrichment,needs_contact_research,"""996 Burkhardt Ave, Akron, OH 44301"" ""Keller Williams Chervenic Rlty"" email","""Keller Williams Chervenic Rlty"" Akron office email",https://www.zillow.com/homedetails/996-Burkhardt-Ave-Akron-OH-44301/35421867_zpid/
2026-07-02,akron,86.5,"1127 East Ave, Akron, OH 44307",59900,57,Snyder & Snyder Real Estate,https://www.zillow.com/homedetails/1127-East-Ave-Akron-OH-44307/35435298_zpid/,35435298,no_verified_email_after_enrichment,needs_contact_research,"""1127 East Ave, Akron, OH 44307"" ""Snyder & Snyder Real Estate"" email","""Snyder & Snyder Real Estate"" Akron office email",https://www.zillow.com/homedetails/1127-East-Ave-Akron-OH-44307/35435298_zpid/
2026-07-02,akron,86.3,"383 N Arlington St, Akron, OH 44305",59900,56,Keller Williams Greater Metropolitan,https://www.zillow.com/homedetails/383-N-Arlington-St-Akron-OH-44305/35450696_zpid/,35450696,no_verified_email_after_enrichment,needs_contact_research,"""383 N Arlington St, Akron, OH 44305"" ""Keller Williams Greater Metropolitan"" email","""Keller Williams Greater Metropolitan"" Akron office email",https://www.zillow.com/homedetails/383-N-Arlington-St-Akron-OH-44305/35450696_zpid/
2026-07-02,akron,83.8,"1546 White Ave, Akron, OH 44307",72500,56,Keller Williams Legacy Group Realty,https://www.zillow.com/homedetails/1546-White-Ave-Akron-OH-44307/35472286_zpid/,35472286,no_verified_email_after_enrichment,needs_contact_research,"""1546 White Ave, Akron, OH 44307"" ""Keller Williams Legacy Group Realty"" email","""Keller Williams Legacy Group Realty"" Akron office email",https://www.zillow.com/homedetails/1546-White-Ave-Akron-OH-44307/35472286_zpid/
2026-07-02,akron,83.2,"52 25th St NW, Barberton, OH 44203",57900,35,"NavX Realty, LLC",https://www.zillow.com/homedetails/52-25th-St-NW-Barberton-OH-44203/35311123_zpid/,35311123,no_verified_email_after_enrichment,needs_contact_research,"""52 25th St NW, Barberton, OH 44203"" ""NavX Realty, LLC"" email","""NavX Realty, LLC"" Barberton office email",https://www.zillow.com/homedetails/52-25th-St-NW-Barberton-OH-44203/35311123_zpid/
2026-07-02,akron,83.0,"1706 Hampton Rd, Akron, OH 44305",69900,48,Keller Williams Chervenic Rlty,https://www.zillow.com/homedetails/1706-Hampton-Rd-Akron-OH-44305/35480666_zpid/,35480666,no_verified_email_after_enrichment,needs_contact_research,"""1706 Hampton Rd, Akron, OH 44305"" ""Keller Williams Chervenic Rlty"" email","""Keller Williams Chervenic Rlty"" Akron office email",https://www.zillow.com/homedetails/1706-Hampton-Rd-Akron-OH-44305/35480666_zpid/
2026-07-03,cleveland,101.2,"12 Maple Dr, Olmsted Falls, OH 44138",39000,173,Keller Williams Elevate,https://www.zillow.com/homedetails/12-Maple-Dr-Olmsted-Falls-OH-44138/459687290_zpid/,459687290,no_verified_email_after_enrichment,needs_contact_research,"""12 Maple Dr, Olmsted Falls, OH 44138"" ""Keller Williams Elevate"" email","""Keller Williams Elevate"" Olmsted Falls office email",https://www.zillow.com/homedetails/12-Maple-Dr-Olmsted-Falls-OH-44138/459687290_zpid/
2026-07-03,cleveland,101.0,"657 E 131st St, Cleveland, OH 44108",40000,349,Berkshire Hathaway HomeServices Professional Realty,https://www.zillow.com/homedetails/657-E-131st-St-Cleveland-OH-44108/33391873_zpid/,33391873,no_verified_email_after_enrichment,needs_contact_research,"""657 E 131st St, Cleveland, OH 44108"" ""Berkshire Hathaway HomeServices Professional Realty"" email","""Berkshire Hathaway HomeServices Professional Realty"" Cleveland office email",https://www.zillow.com/homedetails/657-E-131st-St-Cleveland-OH-44108/33391873_zpid/
2026-07-03,cleveland,100.0,"7300 Claasen Ave, Cleveland, OH 44105",32600,105,Berkshire Hathaway HomeServices Stouffer Realty,https://www.zillow.com/homedetails/7300-Claasen-Ave-Cleveland-OH-44105/33426121_zpid/,33426121,no_verified_email_after_enrichment,needs_contact_research,"""7300 Claasen Ave, Cleveland, OH 44105"" ""Berkshire Hathaway HomeServices Stouffer Realty"" email","""Berkshire Hathaway HomeServices Stouffer Realty"" Cleveland office email",https://www.zillow.com/homedetails/7300-Claasen-Ave-Cleveland-OH-44105/33426121_zpid/
2026-07-03,cleveland,100.0,"9807 Elizabeth Ave, Cleveland, OH 44105",44900,120,Howard Hanna,https://www.zillow.com/homedetails/9807-Elizabeth-Ave-Cleveland-OH-44105/33430475_zpid/,33430475,no_verified_email_after_enrichment,needs_contact_research,"""9807 Elizabeth Ave, Cleveland, OH 44105"" ""Howard Hanna"" email","""Howard Hanna"" Cleveland office email",https://www.zillow.com/homedetails/9807-Elizabeth-Ave-Cleveland-OH-44105/33430475_zpid/
2026-07-03,cleveland,99.0,"3379 E 130th St, Cleveland, OH 44120",50000,175,Keller Williams Greater Metropolitan,https://www.zillow.com/homedetails/3379-E-130th-St-Cleveland-OH-44120/33420254_zpid/,33420254,no_verified_email_after_enrichment,needs_contact_research,"""3379 E 130th St, Cleveland, OH 44120"" ""Keller Williams Greater Metropolitan"" email","""Keller Williams Greater Metropolitan"" Cleveland office email",https://www.zillow.com/homedetails/3379-E-130th-St-Cleveland-OH-44120/33420254_zpid/
2026-07-03,cleveland,98.5,"1822 Farmington Rd, East Cleveland, OH 44112",50000,117,HomeSmart Real Estate Momentum LLC,https://www.zillow.com/homedetails/1822-Farmington-Rd-East-Cleveland-OH-44112/33646839_zpid/,33646839,no_verified_email_after_enrichment,needs_contact_research,"""1822 Farmington Rd, East Cleveland, OH 44112"" ""HomeSmart Real Estate Momentum LLC"" email","""HomeSmart Real Estate Momentum LLC"" East Cleveland office email",https://www.zillow.com/homedetails/1822-Farmington-Rd-East-Cleveland-OH-44112/33646839_zpid/
2026-07-03,cleveland,98.4,"3633 E 78th St, Cleveland, OH 44105",53000,180,"Joseph Walter Realty, LLC",https://www.zillow.com/homedetails/3633-E-78th-St-Cleveland-OH-44105/33425274_zpid/,33425274,no_verified_email_after_enrichment,needs_contact_research,"""3633 E 78th St, Cleveland, OH 44105"" ""Joseph Walter Realty, LLC"" email","""Joseph Walter Realty, LLC"" Cleveland office email",https://www.zillow.com/homedetails/3633-E-78th-St-Cleveland-OH-44105/33425274_zpid/
2026-07-03,cleveland,98.0,"472 E 110th St, Cleveland, OH 44108",55000,174,Century 21 Homestar,https://www.zillow.com/homedetails/472-E-110th-St-Cleveland-OH-44108/33387790_zpid/,33387790,no_verified_email_after_enrichment,needs_contact_research,"""472 E 110th St, Cleveland, OH 44108"" ""Century 21 Homestar"" email","""Century 21 Homestar"" Cleveland office email",https://www.zillow.com/homedetails/472-E-110th-St-Cleveland-OH-44108/33387790_zpid/
2026-07-03,cleveland,97.0,"16918 Grovewood Ave, Cleveland, OH 44110",59900,148,"Lokal Real Estate, LLC",https://www.zillow.com/homedetails/16918-Grovewood-Ave-Cleveland-OH-44110/33398830_zpid/,33398830,no_verified_email_after_enrichment,needs_contact_research,"""16918 Grovewood Ave, Cleveland, OH 44110"" ""Lokal Real Estate, LLC"" email","""Lokal Real Estate, LLC"" Cleveland office email",https://www.zillow.com/homedetails/16918-Grovewood-Ave-Cleveland-OH-44110/33398830_zpid/
2026-07-03,cleveland,97.0,"14808 Pepper Ave, Cleveland, OH 44110",60000,175,LPT Realty,https://www.zillow.com/homedetails/14808-Pepper-Ave-Cleveland-OH-44110/33401726_zpid/,33401726,no_verified_email_after_enrichment,needs_contact_research,"""14808 Pepper Ave, Cleveland, OH 44110"" ""LPT Realty"" email","""LPT Realty"" Cleveland office email",https://www.zillow.com/homedetails/14808-Pepper-Ave-Cleveland-OH-44110/33401726_zpid/
2026-07-03,cleveland,97.0,"1330 Elwood Rd, East Cleveland, OH 44112",60000,209,RE/MAX Haven Realty,https://www.zillow.com/homedetails/1330-Elwood-Rd-East-Cleveland-OH-44112/33645603_zpid/,33645603,no_verified_email_after_enrichment,needs_contact_research,"""1330 Elwood Rd, East Cleveland, OH 44112"" ""RE/MAX Haven Realty"" email","""RE/MAX Haven Realty"" East Cleveland office email",https://www.zillow.com/homedetails/1330-Elwood-Rd-East-Cleveland-OH-44112/33645603_zpid/
2026-07-03,cleveland,96.8,"12628 Iroquois Ave, Cleveland, OH 44108",55000,113,Keller Williams Greater Metropolitan,https://www.zillow.com/homedetails/12628-Iroquois-Ave-Cleveland-OH-44108/33392648_zpid/,33392648,no_verified_email_after_enrichment,needs_contact_research,"""12628 Iroquois Ave, Cleveland, OH 44108"" ""Keller Williams Greater Metropolitan"" email","""Keller Williams Greater Metropolitan"" Cleveland office email",https://www.zillow.com/homedetails/12628-Iroquois-Ave-Cleveland-OH-44108/33392648_zpid/
2026-07-03,cleveland,96.5,"7115 Park Ave, Cleveland, OH 44105",62500,157,TimberVine Group,https://www.zillow.com/homedetails/7115-Park-Ave-Cleveland-OH-44105/33426086_zpid/,33426086,no_verified_email_after_enrichment,needs_contact_research,"""7115 Park Ave, Cleveland, OH 44105"" ""TimberVine Group"" email","""TimberVine Group"" Cleveland office email",https://www.zillow.com/homedetails/7115-Park-Ave-Cleveland-OH-44105/33426086_zpid/
2026-07-03,cleveland,102.0,"4309 E 73rd St, Cleveland, OH 44105",35000,277,E & D Realty & Investment Co,https://www.zillow.com/homedetails/4309-E-73rd-St-Cleveland-OH-44105/33426592_zpid/,33426592,no_verified_email_after_enrichment,needs_contact_research,"""4309 E 73rd St, Cleveland, OH 44105"" ""E & D Realty & Investment Co"" email","""E & D Realty & Investment Co"" Cleveland office email",https://www.zillow.com/homedetails/4309-E-73rd-St-Cleveland-OH-44105/33426592_zpid/
2026-07-03,cleveland,95.4,"15506 Elderwood Ave, East Cleveland, OH 44112",49000,97,Keller Williams Greater Metropolitan,https://www.zillow.com/homedetails/15506-Elderwood-Ave-East-Cleveland-OH-44112/33647601_zpid/,33647601,no_verified_email_after_enrichment,needs_contact_research,"""15506 Elderwood Ave, East Cleveland, OH 44112"" ""Keller Williams Greater Metropolitan"" email","""Keller Williams Greater Metropolitan"" East Cleveland office email",https://www.zillow.com/homedetails/15506-Elderwood-Ave-East-Cleveland-OH-44112/33647601_zpid/
2026-07-03,cleveland,93.3,"46 Sycamore Dr, Olmsted Falls, OH 44138",44900,80,Keller Williams Citywide,https://www.zillow.com/homedetails/46-Sycamore-Dr-Olmsted-Falls-OH-44138/2126532236_zpid/,2126532236,no_verified_email_after_enrichment,needs_contact_research,"""46 Sycamore Dr, Olmsted Falls, OH 44138"" ""Keller Williams Citywide"" email","""Keller Williams Citywide"" Olmsted Falls office email",https://www.zillow.com/homedetails/46-Sycamore-Dr-Olmsted-Falls-OH-44138/2126532236_zpid/
2026-07-03,cleveland,92.8,"3000 Brookpark Rd #15, Cleveland, OH 44134",33500,63,"Hotdoors, LLC",https://www.zillow.com/homedetails/3000-Brookpark-Rd-15-Cleveland-OH-44134/462076493_zpid/,462076493,no_verified_email_after_enrichment,needs_contact_research,"""3000 Brookpark Rd #15, Cleveland, OH 44134"" ""Hotdoors, LLC"" email","""Hotdoors, LLC"" Cleveland office email",https://www.zillow.com/homedetails/3000-Brookpark-Rd-15-Cleveland-OH-44134/462076493_zpid/
2026-07-03,cleveland,92.2,"6100 Gertrude Ave, Cleveland, OH 44105",49900,79,Dwelling Network Advisors,https://www.zillow.com/homedetails/6100-Gertrude-Ave-Cleveland-OH-44105/33423729_zpid/,33423729,no_verified_email_after_enrichment,needs_contact_research,"""6100 Gertrude Ave, Cleveland, OH 44105"" ""Dwelling Network Advisors"" email","""Dwelling Network Advisors"" Cleveland office email",https://www.zillow.com/homedetails/6100-Gertrude-Ave-Cleveland-OH-44105/33423729_zpid/
2026-07-03,little_rock,100.4,"1519 Julian St, North Little Rock, AR 72114",43000,155,RGB Appraisals & Realty,https://www.zillow.com/homedetails/1519-Julian-St-North-Little-Rock-AR-72114/304108_zpid/,304108,no_verified_email_after_enrichment,needs_contact_research,"""1519 Julian St, North Little Rock, AR 72114"" ""RGB Appraisals & Realty"" email","""RGB Appraisals & Realty"" North Little Rock office email",https://www.zillow.com/homedetails/1519-Julian-St-North-Little-Rock-AR-72114/304108_zpid/
2026-07-03,little_rock,99.0,"1801 N Poplar St, North Little Rock, AR 72114",50000,687,RGB Appraisals & Realty,https://www.zillow.com/homedetails/1801-N-Poplar-St-North-Little-Rock-AR-72114/302227_zpid/,302227,no_verified_email_after_enrichment,needs_contact_research,"""1801 N Poplar St, North Little Rock, AR 72114"" ""RGB Appraisals & Realty"" email","""RGB Appraisals & Realty"" North Little Rock office email",https://www.zillow.com/homedetails/1801-N-Poplar-St-North-Little-Rock-AR-72114/302227_zpid/
2026-07-03,little_rock,98.6,"404 W 16th St, North Little Rock, AR 72114",52000,687,RGB Appraisals & Realty,https://www.zillow.com/homedetails/404-W-16th-St-North-Little-Rock-AR-72114/303986_zpid/,303986,no_verified_email_after_enrichment,needs_contact_research,"""404 W 16th St, North Little Rock, AR 72114"" ""RGB Appraisals & Realty"" email","""RGB Appraisals & Realty"" North Little Rock office email",https://www.zillow.com/homedetails/404-W-16th-St-North-Little-Rock-AR-72114/303986_zpid/
2026-07-03,little_rock,98.2,"4905 School St, North Little Rock, AR 72117",34000,96,IRealty Arkansas - Sherwood,https://www.zillow.com/homedetails/4905-School-St-North-Little-Rock-AR-72117/275814_zpid/,275814,no_verified_email_after_enrichment,needs_contact_research,"""4905 School St, North Little Rock, AR 72117"" ""IRealty Arkansas - Sherwood"" email","""IRealty Arkansas - Sherwood"" North Little Rock office email",https://www.zillow.com/homedetails/4905-School-St-North-Little-Rock-AR-72117/275814_zpid/
2026-07-03,little_rock,97.2,"2405 Wolfe St, Little Rock, AR 72206",59000,223,Mid South Realty,https://www.zillow.com/homedetails/2405-Wolfe-St-Little-Rock-AR-72206/315402_zpid/,315402,no_verified_email_after_enrichment,needs_contact_research,"""2405 Wolfe St, Little Rock, AR 72206"" ""Mid South Realty"" email","""Mid South Realty"" Little Rock office email",https://www.zillow.com/homedetails/2405-Wolfe-St-Little-Rock-AR-72206/315402_zpid/
2026-07-03,little_rock,97.1,"4221 Rogers St, North Little Rock, AR 72117",59500,469,Rackley Realty,https://www.zillow.com/homedetails/4221-Rogers-St-North-Little-Rock-AR-72117/276820_zpid/,276820,no_verified_email_after_enrichment,needs_contact_research,"""4221 Rogers St, North Little Rock, AR 72117"" ""Rackley Realty"" email","""Rackley Realty"" North Little Rock office email",https://www.zillow.com/homedetails/4221-Rogers-St-North-Little-Rock-AR-72117/276820_zpid/
2026-07-03,little_rock,97.0,"3205 Center St, Little Rock, AR 72206",59900,191,CBRPM Group,https://www.zillow.com/homedetails/3205-Center-St-Little-Rock-AR-72206/317329_zpid/,317329,no_verified_email_after_enrichment,needs_contact_research,"""3205 Center St, Little Rock, AR 72206"" ""CBRPM Group"" email","""CBRPM Group"" Little Rock office email",https://www.zillow.com/homedetails/3205-Center-St-Little-Rock-AR-72206/317329_zpid/
2026-07-03,little_rock,97.0,"1224 W 31st St, Little Rock, AR 72206",59900,388,McKimmey Associates REALTORS NLR,https://www.zillow.com/homedetails/1224-W-31st-St-Little-Rock-AR-72206/317894_zpid/,317894,no_verified_email_after_enrichment,needs_contact_research,"""1224 W 31st St, Little Rock, AR 72206"" ""McKimmey Associates REALTORS NLR"" email","""McKimmey Associates REALTORS NLR"" Little Rock office email",https://www.zillow.com/homedetails/1224-W-31st-St-Little-Rock-AR-72206/317894_zpid/
2026-07-03,little_rock,96.5,"4417 W 22nd St, Little Rock, AR 72204",35000,87,IRealty Arkansas - Sherwood,https://www.zillow.com/homedetails/4417-W-22nd-St-Little-Rock-AR-72204/313936_zpid/,313936,no_verified_email_after_enrichment,needs_contact_research,"""4417 W 22nd St, Little Rock, AR 72204"" ""IRealty Arkansas - Sherwood"" email","""IRealty Arkansas - Sherwood"" Little Rock office email",https://www.zillow.com/homedetails/4417-W-22nd-St-Little-Rock-AR-72204/313936_zpid/
2026-07-03,little_rock,95.5,"(undisclosed Address), N Little Rock, AR 72118",40250,87,Plantation Realty,https://www.zillow.com/homedetails/N-Little-Rock-AR-72118/301421_zpid/,301421,no_verified_email_after_enrichment,needs_contact_research,"""(undisclosed Address), N Little Rock, AR 72118"" ""Plantation Realty"" email","""Plantation Realty"" N Little Rock office email",https://www.zillow.com/homedetails/N-Little-Rock-AR-72118/301421_zpid/
2026-07-03,little_rock,95.0,"1708 S Cedar St, Little Rock, AR 72204",70000,128,,https://www.zillow.com/homedetails/1708-S-Cedar-St-Little-Rock-AR-72204/313074_zpid/,313074,no_verified_email_after_enrichment,needs_contact_research,"""1708 S Cedar St, Little Rock, AR 72204"" email",,https://www.zillow.com/homedetails/1708-S-Cedar-St-Little-Rock-AR-72204/313074_zpid/
2026-07-03,little_rock,94.8,"2006 S Valentine St, Little Rock, AR 72204",55000,101,,https://www.zillow.com/homedetails/2006-S-Valentine-St-Little-Rock-AR-72204/314395_zpid/,314395,no_verified_email_after_enrichment,needs_contact_research,"""2006 S Valentine St, Little Rock, AR 72204"" email",,https://www.zillow.com/homedetails/2006-S-Valentine-St-Little-Rock-AR-72204/314395_zpid/
2026-07-03,little_rock,94.7,"2506 S Taylor St, Little Rock, AR 72204",64900,112,River Rock Realty Company,https://www.zillow.com/homedetails/2506-S-Taylor-St-Little-Rock-AR-72204/312065_zpid/,312065,no_verified_email_after_enrichment,needs_contact_research,"""2506 S Taylor St, Little Rock, AR 72204"" ""River Rock Realty Company"" email","""River Rock Realty Company"" Little Rock office email",https://www.zillow.com/homedetails/2506-S-Taylor-St-Little-Rock-AR-72204/312065_zpid/
2026-07-03,little_rock,94.6,"600 W 34th St, North Little Rock, AR 72118",71900,290,CENTURY 21 Prestige Realty,https://www.zillow.com/homedetails/600-W-34th-St-North-Little-Rock-AR-72118/301948_zpid/,301948,no_verified_email_after_enrichment,needs_contact_research,"""600 W 34th St, North Little Rock, AR 72118"" ""CENTURY 21 Prestige Realty"" email","""CENTURY 21 Prestige Realty"" North Little Rock office email",https://www.zillow.com/homedetails/600-W-34th-St-North-Little-Rock-AR-72118/301948_zpid/
2026-07-03,oklahoma_city,95.1,"4056 NW 36th St, Oklahoma City, OK 73112",69500,174,Legacy Real Estate Group,https://www.zillow.com/homedetails/4056-NW-36th-St-Oklahoma-City-OK-73112/21981564_zpid/,21981564,no_verified_email_after_enrichment,needs_contact_research,"""4056 NW 36th St, Oklahoma City, OK 73112"" ""Legacy Real Estate Group"" email","""Legacy Real Estate Group"" Oklahoma City office email",https://www.zillow.com/homedetails/4056-NW-36th-St-Oklahoma-City-OK-73112/21981564_zpid/
2026-07-03,oklahoma_city,95.0,"3314 S Kelley Ave, Oklahoma City, OK 73129",69900,125,H&W Realty Branch,https://www.zillow.com/homedetails/3314-S-Kelley-Ave-Oklahoma-City-OK-73129/21887051_zpid/,21887051,no_verified_email_after_enrichment,needs_contact_research,"""3314 S Kelley Ave, Oklahoma City, OK 73129"" ""H&W Realty Branch"" email","""H&W Realty Branch"" Oklahoma City office email",https://www.zillow.com/homedetails/3314-S-Kelley-Ave-Oklahoma-City-OK-73129/21887051_zpid/
2026-07-03,oklahoma_city,95.0,"1811 N Stonewall Ave, Oklahoma City, OK 73111",69900,160,"Falcon Properties, LLC",https://www.zillow.com/homedetails/1811-N-Stonewall-Ave-Oklahoma-City-OK-73111/21843158_zpid/,21843158,no_verified_email_after_enrichment,needs_contact_research,"""1811 N Stonewall Ave, Oklahoma City, OK 73111"" ""Falcon Properties, LLC"" email","""Falcon Properties, LLC"" Oklahoma City office email",https://www.zillow.com/homedetails/1811-N-Stonewall-Ave-Oklahoma-City-OK-73111/21843158_zpid/
2026-07-03,oklahoma_city,94.0,"3524 NW 51st St APT 4, Oklahoma City, OK 73112",75000,166,Coldwell Banker Select,https://www.zillow.com/homedetails/3524-NW-51st-St-APT-4-Oklahoma-City-OK-73112/21902692_zpid/,21902692,no_verified_email_after_enrichment,needs_contact_research,"""3524 NW 51st St APT 4, Oklahoma City, OK 73112"" ""Coldwell Banker Select"" email","""Coldwell Banker Select"" Oklahoma City office email",https://www.zillow.com/homedetails/3524-NW-51st-St-APT-4-Oklahoma-City-OK-73112/21902692_zpid/
2026-07-03,oklahoma_city,93.4,"1323 NE 7th St, Oklahoma City, OK 73117",78000,121,Zinnamon Real Estate,https://www.zillow.com/homedetails/1323-NE-7th-St-Oklahoma-City-OK-73117/21841390_zpid/,21841390,no_verified_email_after_enrichment,needs_contact_research,"""1323 NE 7th St, Oklahoma City, OK 73117"" ""Zinnamon Real Estate"" email","""Zinnamon Real Estate"" Oklahoma City office email",https://www.zillow.com/homedetails/1323-NE-7th-St-Oklahoma-City-OK-73117/21841390_zpid/
2026-07-03,oklahoma_city,93.2,"2620 N Ann Arbor Ave APT 208, Oklahoma City, OK 73127",79000,581,Chris Whitman Realty,https://www.zillow.com/homedetails/2620-N-Ann-Arbor-Ave-APT-208-Oklahoma-City-OK-73127/21933546_zpid/,21933546,no_verified_email_after_enrichment,needs_contact_research,"""2620 N Ann Arbor Ave APT 208, Oklahoma City, OK 73127"" ""Chris Whitman Realty"" email","""Chris Whitman Realty"" Oklahoma City office email",https://www.zillow.com/homedetails/2620-N-Ann-Arbor-Ave-APT-208-Oklahoma-City-OK-73127/21933546_zpid/
2026-07-03,oklahoma_city,92.0,"6030 NW Expressway St #D, Oklahoma City, OK 73112",71000,103,Capital Real Estate - MWC,https://www.zillow.com/homedetails/6030-NW-Expressway-St-D-Oklahoma-City-OK-73112/457041380_zpid/,457041380,no_verified_email_after_enrichment,needs_contact_research,"""6030 NW Expressway St #D, Oklahoma City, OK 73112"" ""Capital Real Estate - MWC"" email","""Capital Real Estate - MWC"" Oklahoma City office email",https://www.zillow.com/homedetails/6030-NW-Expressway-St-D-Oklahoma-City-OK-73112/457041380_zpid/
2026-07-03,oklahoma_city,91.0,"1941 SW 14th St, Oklahoma City, OK 73108",69900,96,Providence Realty,https://www.zillow.com/homedetails/1941-SW-14th-St-Oklahoma-City-OK-73108/21891571_zpid/,21891571,no_verified_email_after_enrichment,needs_contact_research,"""1941 SW 14th St, Oklahoma City, OK 73108"" ""Providence Realty"" email","""Providence Realty"" Oklahoma City office email",https://www.zillow.com/homedetails/1941-SW-14th-St-Oklahoma-City-OK-73108/21891571_zpid/
2026-07-03,oklahoma_city,88.2,"415 SE 23rd St, Oklahoma City, OK 73129",69990,79,"1st United Okla, REALTORS",https://www.zillow.com/homedetails/415-SE-23rd-St-Oklahoma-City-OK-73129/21885555_zpid/,21885555,no_verified_email_after_enrichment,needs_contact_research,"""415 SE 23rd St, Oklahoma City, OK 73129"" ""1st United Okla, REALTORS"" email","""1st United Okla, REALTORS"" Oklahoma City office email",https://www.zillow.com/homedetails/415-SE-23rd-St-Oklahoma-City-OK-73129/21885555_zpid/
2026-07-03,oklahoma_city,85.5,"2404 SW 51st St, Oklahoma City, OK 73119",69900,63,"Atrium Realty, LLC",https://www.zillow.com/homedetails/2404-SW-51st-St-Oklahoma-City-OK-73119/21871254_zpid/,21871254,no_verified_email_after_enrichment,needs_contact_research,"""2404 SW 51st St, Oklahoma City, OK 73119"" ""Atrium Realty, LLC"" email","""Atrium Realty, LLC"" Oklahoma City office email",https://www.zillow.com/homedetails/2404-SW-51st-St-Oklahoma-City-OK-73119/21871254_zpid/
2026-07-03,oklahoma_city,84.6,"11421 N May Ave APT A, Oklahoma City, OK 73120",69499,57,Copper Creek Real Estate,https://www.zillow.com/homedetails/11421-N-May-Ave-APT-A-Oklahoma-City-OK-73120/21952810_zpid/,21952810,no_verified_email_after_enrichment,needs_contact_research,"""11421 N May Ave APT A, Oklahoma City, OK 73120"" ""Copper Creek Real Estate"" email","""Copper Creek Real Estate"" Oklahoma City office email",https://www.zillow.com/homedetails/11421-N-May-Ave-APT-A-Oklahoma-City-OK-73120/21952810_zpid/
2026-07-03,oklahoma_city,83.2,"1308 Windemere Dr, Oklahoma City, OK 73117",65000,43,Prime Realty Inc,https://www.zillow.com/homedetails/1308-Windemere-Dr-Oklahoma-City-OK-73117/80913488_zpid/,80913488,no_verified_email_after_enrichment,needs_contact_research,"""1308 Windemere Dr, Oklahoma City, OK 73117"" ""Prime Realty Inc"" email","""Prime Realty Inc"" Oklahoma City office email",https://www.zillow.com/homedetails/1308-Windemere-Dr-Oklahoma-City-OK-73117/80913488_zpid/
2026-07-03,oklahoma_city,83.0,"1805 N Kelham Ave, Oklahoma City, OK 73111",55000,30,Oklahoma Real Estate Options,https://www.zillow.com/homedetails/1805-N-Kelham-Ave-Oklahoma-City-OK-73111/21843569_zpid/,21843569,no_verified_email_after_enrichment,needs_contact_research,"""1805 N Kelham Ave, Oklahoma City, OK 73111"" ""Oklahoma Real Estate Options"" email","""Oklahoma Real Estate Options"" Oklahoma City office email",https://www.zillow.com/homedetails/1805-N-Kelham-Ave-Oklahoma-City-OK-73111/21843569_zpid/
2026-07-03,oklahoma_city,81.3,"4131 Cunningham Dr, Oklahoma City, OK 73135",75000,44,Coldwell Banker Select,https://www.zillow.com/homedetails/4131-Cunningham-Dr-Oklahoma-City-OK-73135/21962907_zpid/,21962907,no_verified_email_after_enrichment,needs_contact_research,"""4131 Cunningham Dr, Oklahoma City, OK 73135"" ""Coldwell Banker Select"" email","""Coldwell Banker Select"" Oklahoma City office email",https://www.zillow.com/homedetails/4131-Cunningham-Dr-Oklahoma-City-OK-73135/21962907_zpid/
2026-07-03,little_rock,94.4,"2501 S Pine St, Little Rock, AR 72204",73000,174,Real Broker,https://www.zillow.com/homedetails/2501-S-Pine-St-Little-Rock-AR-72204/314021_zpid/,314021,no_verified_email_after_enrichment,needs_contact_research,"""2501 S Pine St, Little Rock, AR 72204"" ""Real Broker"" email","""Real Broker"" Little Rock office email",https://www.zillow.com/homedetails/2501-S-Pine-St-Little-Rock-AR-72204/314021_zpid/
2026-07-03,oklahoma_city,81.3,"1921 N Vine St, Oklahoma City, OK 73121",80000,50,Bloom Real Estate LLC,https://www.zillow.com/homedetails/1921-N-Vine-St-Oklahoma-City-OK-73121/21974533_zpid/,21974533,no_verified_email_after_enrichment,needs_contact_research,"""1921 N Vine St, Oklahoma City, OK 73121"" ""Bloom Real Estate LLC"" email","""Bloom Real Estate LLC"" Oklahoma City office email",https://www.zillow.com/homedetails/1921-N-Vine-St-Oklahoma-City-OK-73121/21974533_zpid/
